NUMERO;ISO3;ISO2;NUMERIQUE;PAYS;CATEGORIE;DETAIL;DECISION;MOTIF
1;AFG;AF;004;Afghanistan;ETAT_OU_ENTITE_A_CONSIDERER;;;
2;ZAF;ZA;710;Afrique du Sud;ETAT_OU_ENTITE_A_CONSIDERER;;;
3;ALB;AL;008;Albanie;ETAT_OU_ENTITE_A_CONSIDERER;;;
4;DZA;DZ;012;Algérie;ETAT_OU_ENTITE_A_CONSIDERER;;;
5;DEU;DE;276;Allemagne;ETAT_OU_ENTITE_A_CONSIDERER;;;
6;ASM;AS;016;American Samoa;TERRITOIRE_OU_ENTITE_ISO;;;
7;AND;AD;020;Andorre;ETAT_OU_ENTITE_A_CONSIDERER;;;
8;AGO;AO;024;Angola;ETAT_OU_ENTITE_A_CONSIDERER;;;
9;AIA;AI;660;Anguilla;TERRITOIRE_OU_ENTITE_ISO;;;
10;ATA;AQ;010;Antarctica;TERRITOIRE_OU_ENTITE_ISO;;;
11;ATG;AG;028;Antigua-et-Barbuda;ETAT_OU_ENTITE_A_CONSIDERER;;;
12;SAU;SA;682;Arabie saoudite;ETAT_OU_ENTITE_A_CONSIDERER;;;
13;ARG;AR;032;Argentine;ETAT_OU_ENTITE_A_CONSIDERER;;;
14;ARM;AM;051;Arménie;ETAT_OU_ENTITE_A_CONSIDERER;;;
15;ABW;AW;533;Aruba;TERRITOIRE_OU_ENTITE_ISO;;;
16;AUS;AU;036;Australie;ETAT_OU_ENTITE_A_CONSIDERER;;;
17;AUT;AT;040;Autriche;ETAT_OU_ENTITE_A_CONSIDERER;;;
18;AZE;AZ;031;Azerbaïdjan;ETAT_OU_ENTITE_A_CONSIDERER;;;
19;BHS;BS;044;Bahamas;ETAT_OU_ENTITE_A_CONSIDERER;;;
20;BHR;BH;048;Bahreïn;ETAT_OU_ENTITE_A_CONSIDERER;;;
21;BGD;BD;050;Bangladesh;ETAT_OU_ENTITE_A_CONSIDERER;;;
22;BRB;BB;052;Barbade;ETAT_OU_ENTITE_A_CONSIDERER;;;
23;BEL;BE;056;Belgique;ETAT_OU_ENTITE_A_CONSIDERER;;;
24;BLZ;BZ;084;Belize;ETAT_OU_ENTITE_A_CONSIDERER;;;
25;BMU;BM;060;Bermuda;TERRITOIRE_OU_ENTITE_ISO;;;
26;BTN;BT;064;Bhoutan;ETAT_OU_ENTITE_A_CONSIDERER;;;
27;BLR;BY;112;Biélorussie;ETAT_OU_ENTITE_A_CONSIDERER;;;
28;BOL;BO;068;Bolivie;ETAT_OU_ENTITE_A_CONSIDERER;;;
29;BES;BQ;535;Bonaire, Sint Eustatius and Saba;TERRITOIRE_OU_ENTITE_ISO;;;
30;BIH;BA;070;Bosnie-Herzégovine;ETAT_OU_ENTITE_A_CONSIDERER;;;
31;BWA;BW;072;Botswana;ETAT_OU_ENTITE_A_CONSIDERER;;;
32;BVT;BV;074;Bouvet Island;TERRITOIRE_OU_ENTITE_ISO;;;
33;IOT;IO;086;British Indian Ocean Territory;TERRITOIRE_OU_ENTITE_ISO;;;
34;BRN;BN;096;Brunei;ETAT_OU_ENTITE_A_CONSIDERER;;;
35;BRA;BR;076;Brésil;ETAT_OU_ENTITE_A_CONSIDERER;;;
36;BGR;BG;100;Bulgarie;ETAT_OU_ENTITE_A_CONSIDERER;;;
37;BFA;BF;854;Burkina Faso;ETAT_OU_ENTITE_A_CONSIDERER;;;
38;BDI;BI;108;Burundi;ETAT_OU_ENTITE_A_CONSIDERER;;;
39;BEN;BJ;204;Bénin;ETAT_OU_ENTITE_A_CONSIDERER;;;
40;KHM;KH;116;Cambodge;ETAT_OU_ENTITE_A_CONSIDERER;;;
41;CMR;CM;120;Cameroun;ETAT_OU_ENTITE_A_CONSIDERER;;;
42;CAN;CA;124;Canada;ETAT_OU_ENTITE_A_CONSIDERER;;;
43;CPV;CV;132;Cap-Vert;ETAT_OU_ENTITE_A_CONSIDERER;;;
44;CYM;KY;136;Cayman Islands;TERRITOIRE_OU_ENTITE_ISO;;;
45;CHL;CL;152;Chili;ETAT_OU_ENTITE_A_CONSIDERER;;;
46;CHN;CN;156;Chine;ETAT_OU_ENTITE_A_CONSIDERER;;;
47;CXR;CX;162;Christmas Island;TERRITOIRE_OU_ENTITE_ISO;;;
48;CYP;CY;196;Chypre;ETAT_OU_ENTITE_A_CONSIDERER;;;
49;CCK;CC;166;Cocos (Keeling) Islands;TERRITOIRE_OU_ENTITE_ISO;;;
50;COL;CO;170;Colombie;ETAT_OU_ENTITE_A_CONSIDERER;;;
51;COM;KM;174;Comores;ETAT_OU_ENTITE_A_CONSIDERER;;;
52;COG;CG;178;Congo;ETAT_OU_ENTITE_A_CONSIDERER;;;
53;COK;CK;184;Cook Islands;TERRITOIRE_OU_ENTITE_ISO;;;
54;KOR;KR;410;Corée du Sud;ETAT_OU_ENTITE_A_CONSIDERER;;;
55;CRI;CR;188;Costa Rica;ETAT_OU_ENTITE_A_CONSIDERER;;;
56;HRV;HR;191;Croatie;ETAT_OU_ENTITE_A_CONSIDERER;;;
57;CUB;CU;192;Cuba;ETAT_OU_ENTITE_A_CONSIDERER;;;
58;CUW;CW;531;Curaçao;TERRITOIRE_OU_ENTITE_ISO;;;
59;CIV;CI;384;Côte d'Ivoire;ETAT_OU_ENTITE_A_CONSIDERER;;;
60;DNK;DK;208;Danemark;ETAT_OU_ENTITE_A_CONSIDERER;;;
61;DJI;DJ;262;Djibouti;ETAT_OU_ENTITE_A_CONSIDERER;;;
62;DMA;DM;212;Dominique;ETAT_OU_ENTITE_A_CONSIDERER;;;
63;ESP;ES;724;Espagne;ETAT_OU_ENTITE_A_CONSIDERER;;;
64;EST;EE;233;Estonie;ETAT_OU_ENTITE_A_CONSIDERER;;;
65;SWZ;SZ;748;Eswatini;ETAT_OU_ENTITE_A_CONSIDERER;;;
66;FLK;FK;238;Falkland Islands (Malvinas);TERRITOIRE_OU_ENTITE_ISO;;;
67;FRO;FO;234;Faroe Islands;TERRITOIRE_OU_ENTITE_ISO;;;
68;FJI;FJ;242;Fidji;ETAT_OU_ENTITE_A_CONSIDERER;;;
69;FIN;FI;246;Finlande;ETAT_OU_ENTITE_A_CONSIDERER;;;
70;FRA;FR;250;France;ETAT_OU_ENTITE_A_CONSIDERER;;;
71;GUF;GF;254;French Guiana;TERRITOIRE_OU_ENTITE_ISO;;;
72;PYF;PF;258;French Polynesia;TERRITOIRE_OU_ENTITE_ISO;;;
73;ATF;TF;260;French Southern Territories;TERRITOIRE_OU_ENTITE_ISO;;;
74;GAB;GA;266;Gabon;ETAT_OU_ENTITE_A_CONSIDERER;;;
75;GMB;GM;270;Gambie;ETAT_OU_ENTITE_A_CONSIDERER;;;
76;GHA;GH;288;Ghana;ETAT_OU_ENTITE_A_CONSIDERER;;;
77;GIB;GI;292;Gibraltar;TERRITOIRE_OU_ENTITE_ISO;;;
78;GRL;GL;304;Greenland;TERRITOIRE_OU_ENTITE_ISO;;;
79;GRD;GD;308;Grenade;ETAT_OU_ENTITE_A_CONSIDERER;;;
80;GRC;GR;300;Grèce;ETAT_OU_ENTITE_A_CONSIDERER;;;
81;GLP;GP;312;Guadeloupe;TERRITOIRE_OU_ENTITE_ISO;;;
82;GUM;GU;316;Guam;TERRITOIRE_OU_ENTITE_ISO;;;
83;GTM;GT;320;Guatemala;ETAT_OU_ENTITE_A_CONSIDERER;;;
84;GGY;GG;831;Guernsey;TERRITOIRE_OU_ENTITE_ISO;;;
85;GIN;GN;324;Guinée;ETAT_OU_ENTITE_A_CONSIDERER;;;
86;GNQ;GQ;226;Guinée équatoriale;ETAT_OU_ENTITE_A_CONSIDERER;;;
87;GNB;GW;624;Guinée-Bissau;ETAT_OU_ENTITE_A_CONSIDERER;;;
88;GUY;GY;328;Guyana;ETAT_OU_ENTITE_A_CONSIDERER;;;
89;GEO;GE;268;Géorgie;ETAT_OU_ENTITE_A_CONSIDERER;;;
90;HTI;HT;332;Haïti;ETAT_OU_ENTITE_A_CONSIDERER;;;
91;HMD;HM;334;Heard Island and McDonald Islands;TERRITOIRE_OU_ENTITE_ISO;;;
92;VAT;VA;336;Holy See (Vatican City State);TERRITOIRE_OU_ENTITE_ISO;Etat souverain particulier;;
93;HND;HN;340;Honduras;ETAT_OU_ENTITE_A_CONSIDERER;;;
94;HKG;HK;344;Hong Kong;TERRITOIRE_OU_ENTITE_ISO;;;
95;HUN;HU;348;Hongrie;ETAT_OU_ENTITE_A_CONSIDERER;;;
96;IND;IN;356;Inde;ETAT_OU_ENTITE_A_CONSIDERER;;;
97;IDN;ID;360;Indonésie;ETAT_OU_ENTITE_A_CONSIDERER;;;
98;IRQ;IQ;368;Irak;ETAT_OU_ENTITE_A_CONSIDERER;;;
99;IRN;IR;364;Iran;ETAT_OU_ENTITE_A_CONSIDERER;;;
100;IRL;IE;372;Irlande;ETAT_OU_ENTITE_A_CONSIDERER;;;
101;ISL;IS;352;Islande;ETAT_OU_ENTITE_A_CONSIDERER;;;
102;IMN;IM;833;Isle of Man;TERRITOIRE_OU_ENTITE_ISO;;;
103;ISR;IL;376;Israël;ETAT_OU_ENTITE_A_CONSIDERER;;;
104;ITA;IT;380;Italie;ETAT_OU_ENTITE_A_CONSIDERER;;;
105;JAM;JM;388;Jamaïque;ETAT_OU_ENTITE_A_CONSIDERER;;;
106;JPN;JP;392;Japon;ETAT_OU_ENTITE_A_CONSIDERER;;;
107;JEY;JE;832;Jersey;TERRITOIRE_OU_ENTITE_ISO;;;
108;JOR;JO;400;Jordanie;ETAT_OU_ENTITE_A_CONSIDERER;;;
109;KAZ;KZ;398;Kazakhstan;ETAT_OU_ENTITE_A_CONSIDERER;;;
110;KEN;KE;404;Kenya;ETAT_OU_ENTITE_A_CONSIDERER;;;
111;KGZ;KG;417;Kirghizistan;ETAT_OU_ENTITE_A_CONSIDERER;;;
112;KIR;KI;296;Kiribati;ETAT_OU_ENTITE_A_CONSIDERER;;;
113;PRK;KP;408;Korea, Democratic People's Republic of;ETAT_OU_ENTITE_A_CONSIDERER;;;
114;KWT;KW;414;Koweït;ETAT_OU_ENTITE_A_CONSIDERER;;;
115;LAO;LA;418;Laos;ETAT_OU_ENTITE_A_CONSIDERER;;;
116;LSO;LS;426;Lesotho;ETAT_OU_ENTITE_A_CONSIDERER;;;
117;LVA;LV;428;Lettonie;ETAT_OU_ENTITE_A_CONSIDERER;;;
118;LBN;LB;422;Liban;ETAT_OU_ENTITE_A_CONSIDERER;;;
119;LBR;LR;430;Liberia;ETAT_OU_ENTITE_A_CONSIDERER;;;
120;LBY;LY;434;Libye;ETAT_OU_ENTITE_A_CONSIDERER;;;
121;LIE;LI;438;Liechtenstein;ETAT_OU_ENTITE_A_CONSIDERER;;;
122;LTU;LT;440;Lituanie;ETAT_OU_ENTITE_A_CONSIDERER;;;
123;LUX;LU;442;Luxembourg;ETAT_OU_ENTITE_A_CONSIDERER;;;
124;MAC;MO;446;Macao;TERRITOIRE_OU_ENTITE_ISO;;;
125;MKD;MK;807;Macédoine du Nord;ETAT_OU_ENTITE_A_CONSIDERER;;;
126;MDG;MG;450;Madagascar;ETAT_OU_ENTITE_A_CONSIDERER;;;
127;MYS;MY;458;Malaisie;ETAT_OU_ENTITE_A_CONSIDERER;;;
128;MWI;MW;454;Malawi;ETAT_OU_ENTITE_A_CONSIDERER;;;
129;MDV;MV;462;Maldives;ETAT_OU_ENTITE_A_CONSIDERER;;;
130;MLI;ML;466;Mali;ETAT_OU_ENTITE_A_CONSIDERER;;;
131;MLT;MT;470;Malte;ETAT_OU_ENTITE_A_CONSIDERER;;;
132;MAR;MA;504;Maroc;ETAT_OU_ENTITE_A_CONSIDERER;;;
133;MHL;MH;584;Marshall Islands;ETAT_OU_ENTITE_A_CONSIDERER;;;
134;MTQ;MQ;474;Martinique;TERRITOIRE_OU_ENTITE_ISO;;;
135;MUS;MU;480;Maurice;ETAT_OU_ENTITE_A_CONSIDERER;;;
136;MRT;MR;478;Mauritanie;ETAT_OU_ENTITE_A_CONSIDERER;;;
137;MYT;YT;175;Mayotte;TERRITOIRE_OU_ENTITE_ISO;;;
138;MEX;MX;484;Mexique;ETAT_OU_ENTITE_A_CONSIDERER;;;
139;FSM;FM;583;Micronesia, Federated States of;ETAT_OU_ENTITE_A_CONSIDERER;;;
140;MDA;MD;498;Moldavie;ETAT_OU_ENTITE_A_CONSIDERER;;;
141;MCO;MC;492;Monaco;ETAT_OU_ENTITE_A_CONSIDERER;;;
142;MNG;MN;496;Mongolie;ETAT_OU_ENTITE_A_CONSIDERER;;;
143;MSR;MS;500;Montserrat;TERRITOIRE_OU_ENTITE_ISO;;;
144;MNE;ME;499;Monténégro;ETAT_OU_ENTITE_A_CONSIDERER;;;
145;MOZ;MZ;508;Mozambique;ETAT_OU_ENTITE_A_CONSIDERER;;;
146;MMR;MM;104;Myanmar;ETAT_OU_ENTITE_A_CONSIDERER;;;
147;NAM;NA;516;Namibie;ETAT_OU_ENTITE_A_CONSIDERER;;;
148;NRU;NR;520;Nauru;ETAT_OU_ENTITE_A_CONSIDERER;;;
149;NCL;NC;540;New Caledonia;TERRITOIRE_OU_ENTITE_ISO;;;
150;NIC;NI;558;Nicaragua;ETAT_OU_ENTITE_A_CONSIDERER;;;
151;NER;NE;562;Niger;ETAT_OU_ENTITE_A_CONSIDERER;;;
152;NGA;NG;566;Nigeria;ETAT_OU_ENTITE_A_CONSIDERER;;;
153;NIU;NU;570;Niue;TERRITOIRE_OU_ENTITE_ISO;;;
154;NFK;NF;574;Norfolk Island;TERRITOIRE_OU_ENTITE_ISO;;;
155;MNP;MP;580;Northern Mariana Islands;TERRITOIRE_OU_ENTITE_ISO;;;
156;NOR;NO;578;Norvège;ETAT_OU_ENTITE_A_CONSIDERER;;;
157;NZL;NZ;554;Nouvelle-Zélande;ETAT_OU_ENTITE_A_CONSIDERER;;;
158;NPL;NP;524;Népal;ETAT_OU_ENTITE_A_CONSIDERER;;;
159;OMN;OM;512;Oman;ETAT_OU_ENTITE_A_CONSIDERER;;;
160;UGA;UG;800;Ouganda;ETAT_OU_ENTITE_A_CONSIDERER;;;
161;UZB;UZ;860;Ouzbékistan;ETAT_OU_ENTITE_A_CONSIDERER;;;
162;PAK;PK;586;Pakistan;ETAT_OU_ENTITE_A_CONSIDERER;;;
163;PLW;PW;585;Palau;ETAT_OU_ENTITE_A_CONSIDERER;;;
164;PSE;PS;275;Palestine, State of;CAS_PARTICULIER;Etat observateur / statut politique particulier;;
165;PAN;PA;591;Panama;ETAT_OU_ENTITE_A_CONSIDERER;;;
166;PNG;PG;598;Papouasie-Nouvelle-Guinée;ETAT_OU_ENTITE_A_CONSIDERER;;;
167;PRY;PY;600;Paraguay;ETAT_OU_ENTITE_A_CONSIDERER;;;
168;NLD;NL;528;Pays-Bas;ETAT_OU_ENTITE_A_CONSIDERER;;;
169;PHL;PH;608;Philippines;ETAT_OU_ENTITE_A_CONSIDERER;;;
170;PCN;PN;612;Pitcairn;TERRITOIRE_OU_ENTITE_ISO;;;
171;POL;PL;616;Pologne;ETAT_OU_ENTITE_A_CONSIDERER;;;
172;PRT;PT;620;Portugal;ETAT_OU_ENTITE_A_CONSIDERER;;;
173;PRI;PR;630;Puerto Rico;TERRITOIRE_OU_ENTITE_ISO;;;
174;PER;PE;604;Pérou;ETAT_OU_ENTITE_A_CONSIDERER;;;
175;QAT;QA;634;Qatar;ETAT_OU_ENTITE_A_CONSIDERER;;;
176;ROU;RO;642;Roumanie;ETAT_OU_ENTITE_A_CONSIDERER;;;
177;GBR;GB;826;Royaume-Uni;ETAT_OU_ENTITE_A_CONSIDERER;;;
178;RUS;RU;643;Russie;ETAT_OU_ENTITE_A_CONSIDERER;;;
179;RWA;RW;646;Rwanda;ETAT_OU_ENTITE_A_CONSIDERER;;;
180;CAF;CF;140;République centrafricaine;ETAT_OU_ENTITE_A_CONSIDERER;;;
181;DOM;DO;214;République dominicaine;ETAT_OU_ENTITE_A_CONSIDERER;;;
182;COD;CD;180;République démocratique du Congo;ETAT_OU_ENTITE_A_CONSIDERER;;;
183;CZE;CZ;203;République tchèque;ETAT_OU_ENTITE_A_CONSIDERER;;;
184;REU;RE;638;Réunion;TERRITOIRE_OU_ENTITE_ISO;;;
185;BLM;BL;652;Saint Barthélemy;TERRITOIRE_OU_ENTITE_ISO;;;
186;SHN;SH;654;Saint Helena, Ascension and Tristan da Cunha;TERRITOIRE_OU_ENTITE_ISO;;;
187;KNA;KN;659;Saint Kitts and Nevis;ETAT_OU_ENTITE_A_CONSIDERER;;;
188;LCA;LC;662;Saint Lucia;ETAT_OU_ENTITE_A_CONSIDERER;;;
189;MAF;MF;663;Saint Martin (French part);TERRITOIRE_OU_ENTITE_ISO;;;
190;SPM;PM;666;Saint Pierre and Miquelon;TERRITOIRE_OU_ENTITE_ISO;;;
191;VCT;VC;670;Saint Vincent and the Grenadines;ETAT_OU_ENTITE_A_CONSIDERER;;;
192;SLV;SV;222;Salvador;ETAT_OU_ENTITE_A_CONSIDERER;;;
193;WSM;WS;882;Samoa;ETAT_OU_ENTITE_A_CONSIDERER;;;
194;SMR;SM;674;San Marino;ETAT_OU_ENTITE_A_CONSIDERER;;;
195;STP;ST;678;Sao Tome and Principe;ETAT_OU_ENTITE_A_CONSIDERER;;;
196;SRB;RS;688;Serbie;ETAT_OU_ENTITE_A_CONSIDERER;;;
197;SYC;SC;690;Seychelles;ETAT_OU_ENTITE_A_CONSIDERER;;;
198;SLE;SL;694;Sierra Leone;ETAT_OU_ENTITE_A_CONSIDERER;;;
199;SGP;SG;702;Singapour;ETAT_OU_ENTITE_A_CONSIDERER;;;
200;SXM;SX;534;Sint Maarten (Dutch part);TERRITOIRE_OU_ENTITE_ISO;;;
201;SVK;SK;703;Slovaquie;ETAT_OU_ENTITE_A_CONSIDERER;;;
202;SVN;SI;705;Slovénie;ETAT_OU_ENTITE_A_CONSIDERER;;;
203;SLB;SB;090;Solomon Islands;ETAT_OU_ENTITE_A_CONSIDERER;;;
204;SOM;SO;706;Somalie;ETAT_OU_ENTITE_A_CONSIDERER;;;
205;SDN;SD;729;Soudan;ETAT_OU_ENTITE_A_CONSIDERER;;;
206;SSD;SS;728;Soudan du Sud;ETAT_OU_ENTITE_A_CONSIDERER;;;
207;SGS;GS;239;South Georgia and the South Sandwich Islands;ETAT_OU_ENTITE_A_CONSIDERER;;;
208;LKA;LK;144;Sri Lanka;ETAT_OU_ENTITE_A_CONSIDERER;;;
209;CHE;CH;756;Suisse;ETAT_OU_ENTITE_A_CONSIDERER;;;
210;SUR;SR;740;Suriname;ETAT_OU_ENTITE_A_CONSIDERER;;;
211;SWE;SE;752;Suède;ETAT_OU_ENTITE_A_CONSIDERER;;;
212;SJM;SJ;744;Svalbard and Jan Mayen;TERRITOIRE_OU_ENTITE_ISO;;;
213;SYR;SY;760;Syrie;ETAT_OU_ENTITE_A_CONSIDERER;;;
214;SEN;SN;686;Sénégal;ETAT_OU_ENTITE_A_CONSIDERER;;;
215;TJK;TJ;762;Tadjikistan;ETAT_OU_ENTITE_A_CONSIDERER;;;
216;TZA;TZ;834;Tanzanie;ETAT_OU_ENTITE_A_CONSIDERER;;;
217;TWN;TW;158;Taïwan;CAS_PARTICULIER;Statut politique particulier;;
218;TCD;TD;148;Tchad;ETAT_OU_ENTITE_A_CONSIDERER;;;
219;THA;TH;764;Thaïlande;ETAT_OU_ENTITE_A_CONSIDERER;;;
220;TLS;TL;626;Timor oriental;ETAT_OU_ENTITE_A_CONSIDERER;;;
221;TGO;TG;768;Togo;ETAT_OU_ENTITE_A_CONSIDERER;;;
222;TKL;TK;772;Tokelau;TERRITOIRE_OU_ENTITE_ISO;;;
223;TON;TO;776;Tonga;ETAT_OU_ENTITE_A_CONSIDERER;;;
224;TTO;TT;780;Trinité-et-Tobago;ETAT_OU_ENTITE_A_CONSIDERER;;;
225;TUN;TN;788;Tunisie;ETAT_OU_ENTITE_A_CONSIDERER;;;
226;TKM;TM;795;Turkménistan;ETAT_OU_ENTITE_A_CONSIDERER;;;
227;TCA;TC;796;Turks and Caicos Islands;TERRITOIRE_OU_ENTITE_ISO;;;
228;TUR;TR;792;Turquie;ETAT_OU_ENTITE_A_CONSIDERER;;;
229;TUV;TV;798;Tuvalu;ETAT_OU_ENTITE_A_CONSIDERER;;;
230;UKR;UA;804;Ukraine;ETAT_OU_ENTITE_A_CONSIDERER;;;
231;UMI;UM;581;United States Minor Outlying Islands;TERRITOIRE_OU_ENTITE_ISO;;;
232;URY;UY;858;Uruguay;ETAT_OU_ENTITE_A_CONSIDERER;;;
233;VUT;VU;548;Vanuatu;ETAT_OU_ENTITE_A_CONSIDERER;;;
234;VEN;VE;862;Venezuela;ETAT_OU_ENTITE_A_CONSIDERER;;;
235;VNM;VN;704;Vietnam;ETAT_OU_ENTITE_A_CONSIDERER;;;
236;VGB;VG;092;Virgin Islands, British;TERRITOIRE_OU_ENTITE_ISO;;;
237;VIR;VI;850;Virgin Islands, U.S.;TERRITOIRE_OU_ENTITE_ISO;;;
238;WLF;WF;876;Wallis and Futuna;TERRITOIRE_OU_ENTITE_ISO;;;
239;ESH;EH;732;Western Sahara;TERRITOIRE_OU_ENTITE_ISO;Territoire a statut particulier;;
240;YEM;YE;887;Yémen;ETAT_OU_ENTITE_A_CONSIDERER;;;
241;ZMB;ZM;894;Zambie;ETAT_OU_ENTITE_A_CONSIDERER;;;
242;ZWE;ZW;716;Zimbabwe;ETAT_OU_ENTITE_A_CONSIDERER;;;
243;ALA;AX;248;Åland Islands;TERRITOIRE_OU_ENTITE_ISO;;;
244;EGY;EG;818;Égypte;ETAT_OU_ENTITE_A_CONSIDERER;;;
245;ARE;AE;784;Émirats arabes unis;ETAT_OU_ENTITE_A_CONSIDERER;;;
246;ECU;EC;218;Équateur;ETAT_OU_ENTITE_A_CONSIDERER;;;
247;ERI;ER;232;Érythrée;ETAT_OU_ENTITE_A_CONSIDERER;;;
248;USA;US;840;États-Unis;ETAT_OU_ENTITE_A_CONSIDERER;;;
249;ETH;ET;231;Éthiopie;ETAT_OU_ENTITE_A_CONSIDERER;;;
