ISO3;ISO2;NUMERIQUE;PAYS;OPERATIONNEL;SELECTION_240
AFG;AF;004;Afghanistan;NON;
ZAF;ZA;710;Afrique du Sud;NON;
ALB;AL;008;Albanie;NON;
DZA;DZ;012;Algérie;NON;
DEU;DE;276;Allemagne;NON;
ASM;AS;016;American Samoa;NON;
AND;AD;020;Andorre;NON;
AGO;AO;024;Angola;NON;
AIA;AI;660;Anguilla;NON;
ATA;AQ;010;Antarctica;NON;
ATG;AG;028;Antigua-et-Barbuda;NON;
SAU;SA;682;Arabie saoudite;NON;
ARG;AR;032;Argentine;NON;
ARM;AM;051;Arménie;NON;
ABW;AW;533;Aruba;NON;
AUS;AU;036;Australie;NON;
AUT;AT;040;Autriche;NON;
AZE;AZ;031;Azerbaïdjan;NON;
BHS;BS;044;Bahamas;NON;
BHR;BH;048;Bahreïn;NON;
BGD;BD;050;Bangladesh;NON;
BRB;BB;052;Barbade;NON;
BEL;BE;056;Belgique;NON;
BLZ;BZ;084;Belize;NON;
BMU;BM;060;Bermuda;NON;
BTN;BT;064;Bhoutan;NON;
BLR;BY;112;Biélorussie;NON;
BOL;BO;068;Bolivie;NON;
BES;BQ;535;Bonaire, Sint Eustatius and Saba;NON;
BIH;BA;070;Bosnie-Herzégovine;NON;
BWA;BW;072;Botswana;NON;
BVT;BV;074;Bouvet Island;NON;
IOT;IO;086;British Indian Ocean Territory;NON;
BRN;BN;096;Brunei;NON;
BRA;BR;076;Brésil;NON;
BGR;BG;100;Bulgarie;NON;
BFA;BF;854;Burkina Faso;NON;
BDI;BI;108;Burundi;NON;
BEN;BJ;204;Bénin;NON;
KHM;KH;116;Cambodge;NON;
CMR;CM;120;Cameroun;NON;
CAN;CA;124;Canada;NON;
CPV;CV;132;Cap-Vert;NON;
CYM;KY;136;Cayman Islands;NON;
CHL;CL;152;Chili;NON;
CHN;CN;156;Chine;NON;
CXR;CX;162;Christmas Island;NON;
CYP;CY;196;Chypre;NON;
CCK;CC;166;Cocos (Keeling) Islands;NON;
COL;CO;170;Colombie;NON;
COM;KM;174;Comores;NON;
COG;CG;178;Congo;NON;
COK;CK;184;Cook Islands;NON;
KOR;KR;410;Corée du Sud;NON;
CRI;CR;188;Costa Rica;NON;
HRV;HR;191;Croatie;NON;
CUB;CU;192;Cuba;NON;
CUW;CW;531;Curaçao;NON;
CIV;CI;384;Côte d'Ivoire;NON;
DNK;DK;208;Danemark;NON;
DJI;DJ;262;Djibouti;NON;
DMA;DM;212;Dominique;NON;
ESP;ES;724;Espagne;NON;
EST;EE;233;Estonie;NON;
SWZ;SZ;748;Eswatini;NON;
FLK;FK;238;Falkland Islands (Malvinas);NON;
FRO;FO;234;Faroe Islands;NON;
FJI;FJ;242;Fidji;NON;
FIN;FI;246;Finlande;NON;
FRA;FR;250;France;NON;
GUF;GF;254;French Guiana;NON;
PYF;PF;258;French Polynesia;NON;
ATF;TF;260;French Southern Territories;NON;
GAB;GA;266;Gabon;NON;
GMB;GM;270;Gambie;NON;
GHA;GH;288;Ghana;NON;
GIB;GI;292;Gibraltar;NON;
GRL;GL;304;Greenland;NON;
GRD;GD;308;Grenade;NON;
GRC;GR;300;Grèce;NON;
GLP;GP;312;Guadeloupe;NON;
GUM;GU;316;Guam;NON;
GTM;GT;320;Guatemala;NON;
GGY;GG;831;Guernsey;NON;
GIN;GN;324;Guinée;NON;
GNQ;GQ;226;Guinée équatoriale;NON;
GNB;GW;624;Guinée-Bissau;NON;
GUY;GY;328;Guyana;NON;
GEO;GE;268;Géorgie;NON;
HTI;HT;332;Haïti;NON;
HMD;HM;334;Heard Island and McDonald Islands;NON;
VAT;VA;336;Holy See (Vatican City State);NON;
HND;HN;340;Honduras;NON;
HKG;HK;344;Hong Kong;NON;
HUN;HU;348;Hongrie;NON;
IND;IN;356;Inde;NON;
IDN;ID;360;Indonésie;NON;
IRQ;IQ;368;Irak;NON;
IRN;IR;364;Iran;NON;
IRL;IE;372;Irlande;NON;
ISL;IS;352;Islande;NON;
IMN;IM;833;Isle of Man;NON;
ISR;IL;376;Israël;NON;
ITA;IT;380;Italie;NON;
JAM;JM;388;Jamaïque;NON;
JPN;JP;392;Japon;NON;
JEY;JE;832;Jersey;NON;
JOR;JO;400;Jordanie;NON;
KAZ;KZ;398;Kazakhstan;NON;
KEN;KE;404;Kenya;NON;
KGZ;KG;417;Kirghizistan;NON;
KIR;KI;296;Kiribati;NON;
PRK;KP;408;Korea, Democratic People's Republic of;NON;
KWT;KW;414;Koweït;NON;
LAO;LA;418;Laos;NON;
LSO;LS;426;Lesotho;NON;
LVA;LV;428;Lettonie;NON;
LBN;LB;422;Liban;NON;
LBR;LR;430;Liberia;NON;
LBY;LY;434;Libye;NON;
LIE;LI;438;Liechtenstein;NON;
LTU;LT;440;Lituanie;NON;
LUX;LU;442;Luxembourg;NON;
MAC;MO;446;Macao;NON;
MKD;MK;807;Macédoine du Nord;NON;
MDG;MG;450;Madagascar;NON;
MYS;MY;458;Malaisie;NON;
MWI;MW;454;Malawi;NON;
MDV;MV;462;Maldives;NON;
MLI;ML;466;Mali;NON;
MLT;MT;470;Malte;NON;
MAR;MA;504;Maroc;NON;
MHL;MH;584;Marshall Islands;NON;
MTQ;MQ;474;Martinique;NON;
MUS;MU;480;Maurice;NON;
MRT;MR;478;Mauritanie;NON;
MYT;YT;175;Mayotte;NON;
MEX;MX;484;Mexique;NON;
FSM;FM;583;Micronesia, Federated States of;NON;
MDA;MD;498;Moldavie;NON;
MCO;MC;492;Monaco;NON;
MNG;MN;496;Mongolie;NON;
MSR;MS;500;Montserrat;NON;
MNE;ME;499;Monténégro;NON;
MOZ;MZ;508;Mozambique;NON;
MMR;MM;104;Myanmar;NON;
NAM;NA;516;Namibie;NON;
NRU;NR;520;Nauru;NON;
NCL;NC;540;New Caledonia;NON;
NIC;NI;558;Nicaragua;NON;
NER;NE;562;Niger;NON;
NGA;NG;566;Nigeria;NON;
NIU;NU;570;Niue;NON;
NFK;NF;574;Norfolk Island;NON;
MNP;MP;580;Northern Mariana Islands;NON;
NOR;NO;578;Norvège;NON;
NZL;NZ;554;Nouvelle-Zélande;NON;
NPL;NP;524;Népal;NON;
OMN;OM;512;Oman;NON;
UGA;UG;800;Ouganda;NON;
UZB;UZ;860;Ouzbékistan;NON;
PAK;PK;586;Pakistan;NON;
PLW;PW;585;Palau;NON;
PSE;PS;275;Palestine, State of;NON;
PAN;PA;591;Panama;NON;
PNG;PG;598;Papouasie-Nouvelle-Guinée;NON;
PRY;PY;600;Paraguay;NON;
NLD;NL;528;Pays-Bas;NON;
PHL;PH;608;Philippines;NON;
PCN;PN;612;Pitcairn;NON;
POL;PL;616;Pologne;NON;
PRT;PT;620;Portugal;NON;
PRI;PR;630;Puerto Rico;NON;
PER;PE;604;Pérou;NON;
QAT;QA;634;Qatar;NON;
ROU;RO;642;Roumanie;NON;
GBR;GB;826;Royaume-Uni;NON;
RUS;RU;643;Russie;NON;
RWA;RW;646;Rwanda;NON;
CAF;CF;140;République centrafricaine;NON;
DOM;DO;214;République dominicaine;NON;
COD;CD;180;République démocratique du Congo;NON;
CZE;CZ;203;République tchèque;NON;
REU;RE;638;Réunion;NON;
BLM;BL;652;Saint Barthélemy;NON;
SHN;SH;654;Saint Helena, Ascension and Tristan da Cunha;NON;
KNA;KN;659;Saint Kitts and Nevis;NON;
LCA;LC;662;Saint Lucia;NON;
MAF;MF;663;Saint Martin (French part);NON;
SPM;PM;666;Saint Pierre and Miquelon;NON;
VCT;VC;670;Saint Vincent and the Grenadines;NON;
SLV;SV;222;Salvador;NON;
WSM;WS;882;Samoa;NON;
SMR;SM;674;San Marino;NON;
STP;ST;678;Sao Tome and Principe;NON;
SRB;RS;688;Serbie;NON;
SYC;SC;690;Seychelles;NON;
SLE;SL;694;Sierra Leone;NON;
SGP;SG;702;Singapour;NON;
SXM;SX;534;Sint Maarten (Dutch part);NON;
SVK;SK;703;Slovaquie;NON;
SVN;SI;705;Slovénie;NON;
SLB;SB;090;Solomon Islands;NON;
SOM;SO;706;Somalie;NON;
SDN;SD;729;Soudan;NON;
SSD;SS;728;Soudan du Sud;NON;
SGS;GS;239;South Georgia and the South Sandwich Islands;NON;
LKA;LK;144;Sri Lanka;NON;
CHE;CH;756;Suisse;NON;
SUR;SR;740;Suriname;NON;
SWE;SE;752;Suède;NON;
SJM;SJ;744;Svalbard and Jan Mayen;NON;
SYR;SY;760;Syrie;NON;
SEN;SN;686;Sénégal;NON;
TJK;TJ;762;Tadjikistan;NON;
TZA;TZ;834;Tanzanie;NON;
TWN;TW;158;Taïwan;NON;
TCD;TD;148;Tchad;NON;
THA;TH;764;Thaïlande;NON;
TLS;TL;626;Timor oriental;NON;
TGO;TG;768;Togo;NON;
TKL;TK;772;Tokelau;NON;
TON;TO;776;Tonga;NON;
TTO;TT;780;Trinité-et-Tobago;NON;
TUN;TN;788;Tunisie;NON;
TKM;TM;795;Turkménistan;NON;
TCA;TC;796;Turks and Caicos Islands;NON;
TUR;TR;792;Turquie;NON;
TUV;TV;798;Tuvalu;NON;
UKR;UA;804;Ukraine;NON;
UMI;UM;581;United States Minor Outlying Islands;NON;
URY;UY;858;Uruguay;NON;
VUT;VU;548;Vanuatu;NON;
VEN;VE;862;Venezuela;NON;
VNM;VN;704;Vietnam;NON;
VGB;VG;092;Virgin Islands, British;NON;
VIR;VI;850;Virgin Islands, U.S.;NON;
WLF;WF;876;Wallis and Futuna;NON;
ESH;EH;732;Western Sahara;NON;
YEM;YE;887;Yémen;NON;
ZMB;ZM;894;Zambie;NON;
ZWE;ZW;716;Zimbabwe;NON;
ALA;AX;248;Åland Islands;NON;
EGY;EG;818;Égypte;NON;
ARE;AE;784;Émirats arabes unis;NON;
ECU;EC;218;Équateur;NON;
ERI;ER;232;Érythrée;NON;
USA;US;840;États-Unis;NON;
ETH;ET;231;Éthiopie;NON;
