NUMERO;ISO3;ISO2;NUMERIQUE;PAYS;OPERATIONNEL_ACTUEL;DECISION
1;AFG;AF;004;Afghanistan;NON;
2;ZAF;ZA;710;Afrique du Sud;NON;
3;ALB;AL;008;Albanie;NON;
4;DZA;DZ;012;Algérie;NON;
5;DEU;DE;276;Allemagne;NON;
6;ASM;AS;016;American Samoa;NON;
7;AND;AD;020;Andorre;NON;
8;AGO;AO;024;Angola;NON;
9;AIA;AI;660;Anguilla;NON;
10;ATA;AQ;010;Antarctica;NON;
11;ATG;AG;028;Antigua-et-Barbuda;NON;
12;SAU;SA;682;Arabie saoudite;NON;
13;ARG;AR;032;Argentine;NON;
14;ARM;AM;051;Arménie;NON;
15;ABW;AW;533;Aruba;NON;
16;AUS;AU;036;Australie;NON;
17;AUT;AT;040;Autriche;NON;
18;AZE;AZ;031;Azerbaïdjan;NON;
19;BHS;BS;044;Bahamas;NON;
20;BHR;BH;048;Bahreïn;NON;
21;BGD;BD;050;Bangladesh;NON;
22;BRB;BB;052;Barbade;NON;
23;BEL;BE;056;Belgique;NON;
24;BLZ;BZ;084;Belize;NON;
25;BMU;BM;060;Bermuda;NON;
26;BTN;BT;064;Bhoutan;NON;
27;BLR;BY;112;Biélorussie;NON;
28;BOL;BO;068;Bolivie;NON;
29;BES;BQ;535;Bonaire, Sint Eustatius and Saba;NON;
30;BIH;BA;070;Bosnie-Herzégovine;NON;
31;BWA;BW;072;Botswana;NON;
32;BVT;BV;074;Bouvet Island;NON;
33;IOT;IO;086;British Indian Ocean Territory;NON;
34;BRN;BN;096;Brunei;NON;
35;BRA;BR;076;Brésil;NON;
36;BGR;BG;100;Bulgarie;NON;
37;BFA;BF;854;Burkina Faso;NON;
38;BDI;BI;108;Burundi;NON;
39;BEN;BJ;204;Bénin;NON;
40;KHM;KH;116;Cambodge;NON;
41;CMR;CM;120;Cameroun;NON;
42;CAN;CA;124;Canada;NON;
43;CPV;CV;132;Cap-Vert;NON;
44;CYM;KY;136;Cayman Islands;NON;
45;CHL;CL;152;Chili;NON;
46;CHN;CN;156;Chine;NON;
47;CXR;CX;162;Christmas Island;NON;
48;CYP;CY;196;Chypre;NON;
49;CCK;CC;166;Cocos (Keeling) Islands;NON;
50;COL;CO;170;Colombie;NON;
51;COM;KM;174;Comores;NON;
52;COG;CG;178;Congo;NON;
53;COK;CK;184;Cook Islands;NON;
54;KOR;KR;410;Corée du Sud;NON;
55;CRI;CR;188;Costa Rica;NON;
56;HRV;HR;191;Croatie;NON;
57;CUB;CU;192;Cuba;NON;
58;CUW;CW;531;Curaçao;NON;
59;CIV;CI;384;Côte d'Ivoire;NON;
60;DNK;DK;208;Danemark;NON;
61;DJI;DJ;262;Djibouti;NON;
62;DMA;DM;212;Dominique;NON;
63;ESP;ES;724;Espagne;NON;
64;EST;EE;233;Estonie;NON;
65;SWZ;SZ;748;Eswatini;NON;
66;FLK;FK;238;Falkland Islands (Malvinas);NON;
67;FRO;FO;234;Faroe Islands;NON;
68;FJI;FJ;242;Fidji;NON;
69;FIN;FI;246;Finlande;NON;
70;FRA;FR;250;France;NON;
71;GUF;GF;254;French Guiana;NON;
72;PYF;PF;258;French Polynesia;NON;
73;ATF;TF;260;French Southern Territories;NON;
74;GAB;GA;266;Gabon;NON;
75;GMB;GM;270;Gambie;NON;
76;GHA;GH;288;Ghana;NON;
77;GIB;GI;292;Gibraltar;NON;
78;GRL;GL;304;Greenland;NON;
79;GRD;GD;308;Grenade;NON;
80;GRC;GR;300;Grèce;NON;
81;GLP;GP;312;Guadeloupe;NON;
82;GUM;GU;316;Guam;NON;
83;GTM;GT;320;Guatemala;NON;
84;GGY;GG;831;Guernsey;NON;
85;GIN;GN;324;Guinée;NON;
86;GNQ;GQ;226;Guinée équatoriale;NON;
87;GNB;GW;624;Guinée-Bissau;NON;
88;GUY;GY;328;Guyana;NON;
89;GEO;GE;268;Géorgie;NON;
90;HTI;HT;332;Haïti;NON;
91;HMD;HM;334;Heard Island and McDonald Islands;NON;
92;VAT;VA;336;Holy See (Vatican City State);NON;
93;HND;HN;340;Honduras;NON;
94;HKG;HK;344;Hong Kong;NON;
95;HUN;HU;348;Hongrie;NON;
96;IND;IN;356;Inde;NON;
97;IDN;ID;360;Indonésie;NON;
98;IRQ;IQ;368;Irak;NON;
99;IRN;IR;364;Iran;NON;
100;IRL;IE;372;Irlande;NON;
101;ISL;IS;352;Islande;NON;
102;IMN;IM;833;Isle of Man;NON;
103;ISR;IL;376;Israël;NON;
104;ITA;IT;380;Italie;NON;
105;JAM;JM;388;Jamaïque;NON;
106;JPN;JP;392;Japon;NON;
107;JEY;JE;832;Jersey;NON;
108;JOR;JO;400;Jordanie;NON;
109;KAZ;KZ;398;Kazakhstan;NON;
110;KEN;KE;404;Kenya;NON;
111;KGZ;KG;417;Kirghizistan;NON;
112;KIR;KI;296;Kiribati;NON;
113;PRK;KP;408;Korea, Democratic People's Republic of;NON;
114;KWT;KW;414;Koweït;NON;
115;LAO;LA;418;Laos;NON;
116;LSO;LS;426;Lesotho;NON;
117;LVA;LV;428;Lettonie;NON;
118;LBN;LB;422;Liban;NON;
119;LBR;LR;430;Liberia;NON;
120;LBY;LY;434;Libye;NON;
121;LIE;LI;438;Liechtenstein;NON;
122;LTU;LT;440;Lituanie;NON;
123;LUX;LU;442;Luxembourg;NON;
124;MAC;MO;446;Macao;NON;
125;MKD;MK;807;Macédoine du Nord;NON;
126;MDG;MG;450;Madagascar;NON;
127;MYS;MY;458;Malaisie;NON;
128;MWI;MW;454;Malawi;NON;
129;MDV;MV;462;Maldives;NON;
130;MLI;ML;466;Mali;NON;
131;MLT;MT;470;Malte;NON;
132;MAR;MA;504;Maroc;NON;
133;MHL;MH;584;Marshall Islands;NON;
134;MTQ;MQ;474;Martinique;NON;
135;MUS;MU;480;Maurice;NON;
136;MRT;MR;478;Mauritanie;NON;
137;MYT;YT;175;Mayotte;NON;
138;MEX;MX;484;Mexique;NON;
139;FSM;FM;583;Micronesia, Federated States of;NON;
140;MDA;MD;498;Moldavie;NON;
141;MCO;MC;492;Monaco;NON;
142;MNG;MN;496;Mongolie;NON;
143;MSR;MS;500;Montserrat;NON;
144;MNE;ME;499;Monténégro;NON;
145;MOZ;MZ;508;Mozambique;NON;
146;MMR;MM;104;Myanmar;NON;
147;NAM;NA;516;Namibie;NON;
148;NRU;NR;520;Nauru;NON;
149;NCL;NC;540;New Caledonia;NON;
150;NIC;NI;558;Nicaragua;NON;
151;NER;NE;562;Niger;NON;
152;NGA;NG;566;Nigeria;NON;
153;NIU;NU;570;Niue;NON;
154;NFK;NF;574;Norfolk Island;NON;
155;MNP;MP;580;Northern Mariana Islands;NON;
156;NOR;NO;578;Norvège;NON;
157;NZL;NZ;554;Nouvelle-Zélande;NON;
158;NPL;NP;524;Népal;NON;
159;OMN;OM;512;Oman;NON;
160;UGA;UG;800;Ouganda;NON;
161;UZB;UZ;860;Ouzbékistan;NON;
162;PAK;PK;586;Pakistan;NON;
163;PLW;PW;585;Palau;NON;
164;PSE;PS;275;Palestine, State of;NON;
165;PAN;PA;591;Panama;NON;
166;PNG;PG;598;Papouasie-Nouvelle-Guinée;NON;
167;PRY;PY;600;Paraguay;NON;
168;NLD;NL;528;Pays-Bas;NON;
169;PHL;PH;608;Philippines;NON;
170;PCN;PN;612;Pitcairn;NON;
171;POL;PL;616;Pologne;NON;
172;PRT;PT;620;Portugal;NON;
173;PRI;PR;630;Puerto Rico;NON;
174;PER;PE;604;Pérou;NON;
175;QAT;QA;634;Qatar;NON;
176;ROU;RO;642;Roumanie;NON;
177;GBR;GB;826;Royaume-Uni;NON;
178;RUS;RU;643;Russie;NON;
179;RWA;RW;646;Rwanda;NON;
180;CAF;CF;140;République centrafricaine;NON;
181;DOM;DO;214;République dominicaine;NON;
182;COD;CD;180;République démocratique du Congo;NON;
183;CZE;CZ;203;République tchèque;NON;
184;REU;RE;638;Réunion;NON;
185;BLM;BL;652;Saint Barthélemy;NON;
186;SHN;SH;654;Saint Helena, Ascension and Tristan da Cunha;NON;
187;KNA;KN;659;Saint Kitts and Nevis;NON;
188;LCA;LC;662;Saint Lucia;NON;
189;MAF;MF;663;Saint Martin (French part);NON;
190;SPM;PM;666;Saint Pierre and Miquelon;NON;
191;VCT;VC;670;Saint Vincent and the Grenadines;NON;
192;SLV;SV;222;Salvador;NON;
193;WSM;WS;882;Samoa;NON;
194;SMR;SM;674;San Marino;NON;
195;STP;ST;678;Sao Tome and Principe;NON;
196;SRB;RS;688;Serbie;NON;
197;SYC;SC;690;Seychelles;NON;
198;SLE;SL;694;Sierra Leone;NON;
199;SGP;SG;702;Singapour;NON;
200;SXM;SX;534;Sint Maarten (Dutch part);NON;
201;SVK;SK;703;Slovaquie;NON;
202;SVN;SI;705;Slovénie;NON;
203;SLB;SB;090;Solomon Islands;NON;
204;SOM;SO;706;Somalie;NON;
205;SDN;SD;729;Soudan;NON;
206;SSD;SS;728;Soudan du Sud;NON;
207;SGS;GS;239;South Georgia and the South Sandwich Islands;NON;
208;LKA;LK;144;Sri Lanka;NON;
209;CHE;CH;756;Suisse;NON;
210;SUR;SR;740;Suriname;NON;
211;SWE;SE;752;Suède;NON;
212;SJM;SJ;744;Svalbard and Jan Mayen;NON;
213;SYR;SY;760;Syrie;NON;
214;SEN;SN;686;Sénégal;NON;
215;TJK;TJ;762;Tadjikistan;NON;
216;TZA;TZ;834;Tanzanie;NON;
217;TWN;TW;158;Taïwan;NON;
218;TCD;TD;148;Tchad;NON;
219;THA;TH;764;Thaïlande;NON;
220;TLS;TL;626;Timor oriental;NON;
221;TGO;TG;768;Togo;NON;
222;TKL;TK;772;Tokelau;NON;
223;TON;TO;776;Tonga;NON;
224;TTO;TT;780;Trinité-et-Tobago;NON;
225;TUN;TN;788;Tunisie;NON;
226;TKM;TM;795;Turkménistan;NON;
227;TCA;TC;796;Turks and Caicos Islands;NON;
228;TUR;TR;792;Turquie;NON;
229;TUV;TV;798;Tuvalu;NON;
230;UKR;UA;804;Ukraine;NON;
231;UMI;UM;581;United States Minor Outlying Islands;NON;
232;URY;UY;858;Uruguay;NON;
233;VUT;VU;548;Vanuatu;NON;
234;VEN;VE;862;Venezuela;NON;
235;VNM;VN;704;Vietnam;NON;
236;VGB;VG;092;Virgin Islands, British;NON;
237;VIR;VI;850;Virgin Islands, U.S.;NON;
238;WLF;WF;876;Wallis and Futuna;NON;
239;ESH;EH;732;Western Sahara;NON;
240;YEM;YE;887;Yémen;NON;
241;ZMB;ZM;894;Zambie;NON;
242;ZWE;ZW;716;Zimbabwe;NON;
243;ALA;AX;248;Åland Islands;NON;
244;EGY;EG;818;Égypte;NON;
245;ARE;AE;784;Émirats arabes unis;NON;
246;ECU;EC;218;Équateur;NON;
247;ERI;ER;232;Érythrée;NON;
248;USA;US;840;États-Unis;NON;
249;ETH;ET;231;Éthiopie;NON;
