"NUMERO";"ISO3";"ISO2";"NUMERIQUE";"PAYS";"DECISION";"MOTIF"
"1";"AFG";"AF";"004";"Afghanistan";"";""
"2";"ZAF";"ZA";"710";"Afrique du Sud";"";""
"3";"ALB";"AL";"008";"Albanie";"";""
"4";"DZA";"DZ";"012";"Algérie";"";""
"5";"DEU";"DE";"276";"Allemagne";"";""
"6";"ASM";"AS";"016";"American Samoa";"";""
"7";"AND";"AD";"020";"Andorre";"";""
"8";"AGO";"AO";"024";"Angola";"";""
"9";"AIA";"AI";"660";"Anguilla";"";""
"10";"ATA";"AQ";"010";"Antarctica";"";""
"11";"ATG";"AG";"028";"Antigua-et-Barbuda";"";""
"12";"SAU";"SA";"682";"Arabie saoudite";"";""
"13";"ARG";"AR";"032";"Argentine";"";""
"14";"ARM";"AM";"051";"Arménie";"";""
"15";"ABW";"AW";"533";"Aruba";"";""
"16";"AUS";"AU";"036";"Australie";"";""
"17";"AUT";"AT";"040";"Autriche";"";""
"18";"AZE";"AZ";"031";"Azerbaïdjan";"";""
"19";"BHS";"BS";"044";"Bahamas";"";""
"20";"BHR";"BH";"048";"Bahreïn";"";""
"21";"BGD";"BD";"050";"Bangladesh";"";""
"22";"BRB";"BB";"052";"Barbade";"";""
"23";"BEL";"BE";"056";"Belgique";"";""
"24";"BLZ";"BZ";"084";"Belize";"";""
"25";"BMU";"BM";"060";"Bermuda";"";""
"26";"BTN";"BT";"064";"Bhoutan";"";""
"27";"BLR";"BY";"112";"Biélorussie";"";""
"28";"BOL";"BO";"068";"Bolivie";"";""
"29";"BES";"BQ";"535";"Bonaire, Sint Eustatius and Saba";"";""
"30";"BIH";"BA";"070";"Bosnie-Herzégovine";"";""
"31";"BWA";"BW";"072";"Botswana";"";""
"32";"BVT";"BV";"074";"Bouvet Island";"";""
"33";"IOT";"IO";"086";"British Indian Ocean Territory";"";""
"34";"BRN";"BN";"096";"Brunei";"";""
"35";"BRA";"BR";"076";"Brésil";"";""
"36";"BGR";"BG";"100";"Bulgarie";"";""
"37";"BFA";"BF";"854";"Burkina Faso";"";""
"38";"BDI";"BI";"108";"Burundi";"";""
"39";"BEN";"BJ";"204";"Bénin";"";""
"40";"KHM";"KH";"116";"Cambodge";"";""
"41";"CMR";"CM";"120";"Cameroun";"";""
"42";"CAN";"CA";"124";"Canada";"";""
"43";"CPV";"CV";"132";"Cap-Vert";"";""
"44";"CYM";"KY";"136";"Cayman Islands";"";""
"45";"CHL";"CL";"152";"Chili";"";""
"46";"CHN";"CN";"156";"Chine";"";""
"47";"CXR";"CX";"162";"Christmas Island";"";""
"48";"CYP";"CY";"196";"Chypre";"";""
"49";"CCK";"CC";"166";"Cocos (Keeling) Islands";"";""
"50";"COL";"CO";"170";"Colombie";"";""
"51";"COM";"KM";"174";"Comores";"";""
"52";"COG";"CG";"178";"Congo";"";""
"53";"COK";"CK";"184";"Cook Islands";"";""
"54";"KOR";"KR";"410";"Corée du Sud";"";""
"55";"CRI";"CR";"188";"Costa Rica";"";""
"56";"HRV";"HR";"191";"Croatie";"";""
"57";"CUB";"CU";"192";"Cuba";"";""
"58";"CUW";"CW";"531";"Curaçao";"";""
"59";"CIV";"CI";"384";"Côte d'Ivoire";"";""
"60";"DNK";"DK";"208";"Danemark";"";""
"61";"DJI";"DJ";"262";"Djibouti";"";""
"62";"DMA";"DM";"212";"Dominique";"";""
"63";"ESP";"ES";"724";"Espagne";"";""
"64";"EST";"EE";"233";"Estonie";"";""
"65";"SWZ";"SZ";"748";"Eswatini";"";""
"66";"FLK";"FK";"238";"Falkland Islands (Malvinas)";"";""
"67";"FRO";"FO";"234";"Faroe Islands";"";""
"68";"FJI";"FJ";"242";"Fidji";"";""
"69";"FIN";"FI";"246";"Finlande";"";""
"70";"FRA";"FR";"250";"France";"";""
"71";"GUF";"GF";"254";"French Guiana";"";""
"72";"PYF";"PF";"258";"French Polynesia";"";""
"73";"ATF";"TF";"260";"French Southern Territories";"";""
"74";"GAB";"GA";"266";"Gabon";"";""
"75";"GMB";"GM";"270";"Gambie";"";""
"76";"GHA";"GH";"288";"Ghana";"";""
"77";"GIB";"GI";"292";"Gibraltar";"";""
"78";"GRL";"GL";"304";"Greenland";"";""
"79";"GRD";"GD";"308";"Grenade";"";""
"80";"GRC";"GR";"300";"Grèce";"";""
"81";"GLP";"GP";"312";"Guadeloupe";"";""
"82";"GUM";"GU";"316";"Guam";"";""
"83";"GTM";"GT";"320";"Guatemala";"";""
"84";"GGY";"GG";"831";"Guernsey";"";""
"85";"GIN";"GN";"324";"Guinée";"";""
"86";"GNQ";"GQ";"226";"Guinée équatoriale";"";""
"87";"GNB";"GW";"624";"Guinée-Bissau";"";""
"88";"GUY";"GY";"328";"Guyana";"";""
"89";"GEO";"GE";"268";"Géorgie";"";""
"90";"HTI";"HT";"332";"Haïti";"";""
"91";"HMD";"HM";"334";"Heard Island and McDonald Islands";"";""
"92";"VAT";"VA";"336";"Holy See (Vatican City State)";"";""
"93";"HND";"HN";"340";"Honduras";"";""
"94";"HKG";"HK";"344";"Hong Kong";"";""
"95";"HUN";"HU";"348";"Hongrie";"";""
"96";"IND";"IN";"356";"Inde";"";""
"97";"IDN";"ID";"360";"Indonésie";"";""
"98";"IRQ";"IQ";"368";"Irak";"";""
"99";"IRN";"IR";"364";"Iran";"";""
"100";"IRL";"IE";"372";"Irlande";"";""
"101";"ISL";"IS";"352";"Islande";"";""
"102";"IMN";"IM";"833";"Isle of Man";"";""
"103";"ISR";"IL";"376";"Israël";"";""
"104";"ITA";"IT";"380";"Italie";"";""
"105";"JAM";"JM";"388";"Jamaïque";"";""
"106";"JPN";"JP";"392";"Japon";"";""
"107";"JEY";"JE";"832";"Jersey";"";""
"108";"JOR";"JO";"400";"Jordanie";"";""
"109";"KAZ";"KZ";"398";"Kazakhstan";"";""
"110";"KEN";"KE";"404";"Kenya";"";""
"111";"KGZ";"KG";"417";"Kirghizistan";"";""
"112";"KIR";"KI";"296";"Kiribati";"";""
"113";"PRK";"KP";"408";"Korea, Democratic People's Republic of";"";""
"114";"KWT";"KW";"414";"Koweït";"";""
"115";"LAO";"LA";"418";"Laos";"";""
"116";"LSO";"LS";"426";"Lesotho";"";""
"117";"LVA";"LV";"428";"Lettonie";"";""
"118";"LBN";"LB";"422";"Liban";"";""
"119";"LBR";"LR";"430";"Liberia";"";""
"120";"LBY";"LY";"434";"Libye";"";""
"121";"LIE";"LI";"438";"Liechtenstein";"";""
"122";"LTU";"LT";"440";"Lituanie";"";""
"123";"LUX";"LU";"442";"Luxembourg";"";""
"124";"MAC";"MO";"446";"Macao";"";""
"125";"MKD";"MK";"807";"Macédoine du Nord";"";""
"126";"MDG";"MG";"450";"Madagascar";"";""
"127";"MYS";"MY";"458";"Malaisie";"";""
"128";"MWI";"MW";"454";"Malawi";"";""
"129";"MDV";"MV";"462";"Maldives";"";""
"130";"MLI";"ML";"466";"Mali";"";""
"131";"MLT";"MT";"470";"Malte";"";""
"132";"MAR";"MA";"504";"Maroc";"";""
"133";"MHL";"MH";"584";"Marshall Islands";"";""
"134";"MTQ";"MQ";"474";"Martinique";"";""
"135";"MUS";"MU";"480";"Maurice";"";""
"136";"MRT";"MR";"478";"Mauritanie";"";""
"137";"MYT";"YT";"175";"Mayotte";"";""
"138";"MEX";"MX";"484";"Mexique";"";""
"139";"FSM";"FM";"583";"Micronesia, Federated States of";"";""
"140";"MDA";"MD";"498";"Moldavie";"";""
"141";"MCO";"MC";"492";"Monaco";"";""
"142";"MNG";"MN";"496";"Mongolie";"";""
"143";"MSR";"MS";"500";"Montserrat";"";""
"144";"MNE";"ME";"499";"Monténégro";"";""
"145";"MOZ";"MZ";"508";"Mozambique";"";""
"146";"MMR";"MM";"104";"Myanmar";"";""
"147";"NAM";"NA";"516";"Namibie";"";""
"148";"NRU";"NR";"520";"Nauru";"";""
"149";"NCL";"NC";"540";"New Caledonia";"";""
"150";"NIC";"NI";"558";"Nicaragua";"";""
"151";"NER";"NE";"562";"Niger";"";""
"152";"NGA";"NG";"566";"Nigeria";"";""
"153";"NIU";"NU";"570";"Niue";"";""
"154";"NFK";"NF";"574";"Norfolk Island";"";""
"155";"MNP";"MP";"580";"Northern Mariana Islands";"";""
"156";"NOR";"NO";"578";"Norvège";"";""
"157";"NZL";"NZ";"554";"Nouvelle-Zélande";"";""
"158";"NPL";"NP";"524";"Népal";"";""
"159";"OMN";"OM";"512";"Oman";"";""
"160";"UGA";"UG";"800";"Ouganda";"";""
"161";"UZB";"UZ";"860";"Ouzbékistan";"";""
"162";"PAK";"PK";"586";"Pakistan";"";""
"163";"PLW";"PW";"585";"Palau";"";""
"164";"PSE";"PS";"275";"Palestine, State of";"";""
"165";"PAN";"PA";"591";"Panama";"";""
"166";"PNG";"PG";"598";"Papouasie-Nouvelle-Guinée";"";""
"167";"PRY";"PY";"600";"Paraguay";"";""
"168";"NLD";"NL";"528";"Pays-Bas";"";""
"169";"PHL";"PH";"608";"Philippines";"";""
"170";"PCN";"PN";"612";"Pitcairn";"";""
"171";"POL";"PL";"616";"Pologne";"";""
"172";"PRT";"PT";"620";"Portugal";"";""
"173";"PRI";"PR";"630";"Puerto Rico";"";""
"174";"PER";"PE";"604";"Pérou";"";""
"175";"QAT";"QA";"634";"Qatar";"";""
"176";"ROU";"RO";"642";"Roumanie";"";""
"177";"GBR";"GB";"826";"Royaume-Uni";"";""
"178";"RUS";"RU";"643";"Russie";"";""
"179";"RWA";"RW";"646";"Rwanda";"";""
"180";"CAF";"CF";"140";"République centrafricaine";"";""
"181";"DOM";"DO";"214";"République dominicaine";"";""
"182";"COD";"CD";"180";"République démocratique du Congo";"";""
"183";"CZE";"CZ";"203";"République tchèque";"";""
"184";"REU";"RE";"638";"Réunion";"";""
"185";"BLM";"BL";"652";"Saint Barthélemy";"";""
"186";"SHN";"SH";"654";"Saint Helena, Ascension and Tristan da Cunha";"";""
"187";"KNA";"KN";"659";"Saint Kitts and Nevis";"";""
"188";"LCA";"LC";"662";"Saint Lucia";"";""
"189";"MAF";"MF";"663";"Saint Martin (French part)";"";""
"190";"SPM";"PM";"666";"Saint Pierre and Miquelon";"";""
"191";"VCT";"VC";"670";"Saint Vincent and the Grenadines";"";""
"192";"SLV";"SV";"222";"Salvador";"";""
"193";"WSM";"WS";"882";"Samoa";"";""
"194";"SMR";"SM";"674";"San Marino";"";""
"195";"STP";"ST";"678";"Sao Tome and Principe";"";""
"196";"SRB";"RS";"688";"Serbie";"";""
"197";"SYC";"SC";"690";"Seychelles";"";""
"198";"SLE";"SL";"694";"Sierra Leone";"";""
"199";"SGP";"SG";"702";"Singapour";"";""
"200";"SXM";"SX";"534";"Sint Maarten (Dutch part)";"";""
"201";"SVK";"SK";"703";"Slovaquie";"";""
"202";"SVN";"SI";"705";"Slovénie";"";""
"203";"SLB";"SB";"090";"Solomon Islands";"";""
"204";"SOM";"SO";"706";"Somalie";"";""
"205";"SDN";"SD";"729";"Soudan";"";""
"206";"SSD";"SS";"728";"Soudan du Sud";"";""
"207";"SGS";"GS";"239";"South Georgia and the South Sandwich Islands";"";""
"208";"LKA";"LK";"144";"Sri Lanka";"";""
"209";"CHE";"CH";"756";"Suisse";"";""
"210";"SUR";"SR";"740";"Suriname";"";""
"211";"SWE";"SE";"752";"Suède";"";""
"212";"SJM";"SJ";"744";"Svalbard and Jan Mayen";"";""
"213";"SYR";"SY";"760";"Syrie";"";""
"214";"SEN";"SN";"686";"Sénégal";"";""
"215";"TJK";"TJ";"762";"Tadjikistan";"";""
"216";"TZA";"TZ";"834";"Tanzanie";"";""
"217";"TWN";"TW";"158";"Taïwan";"";""
"218";"TCD";"TD";"148";"Tchad";"";""
"219";"THA";"TH";"764";"Thaïlande";"";""
"220";"TLS";"TL";"626";"Timor oriental";"";""
"221";"TGO";"TG";"768";"Togo";"";""
"222";"TKL";"TK";"772";"Tokelau";"";""
"223";"TON";"TO";"776";"Tonga";"";""
"224";"TTO";"TT";"780";"Trinité-et-Tobago";"";""
"225";"TUN";"TN";"788";"Tunisie";"";""
"226";"TKM";"TM";"795";"Turkménistan";"";""
"227";"TCA";"TC";"796";"Turks and Caicos Islands";"";""
"228";"TUR";"TR";"792";"Turquie";"";""
"229";"TUV";"TV";"798";"Tuvalu";"";""
"230";"UKR";"UA";"804";"Ukraine";"";""
"231";"UMI";"UM";"581";"United States Minor Outlying Islands";"";""
"232";"URY";"UY";"858";"Uruguay";"";""
"233";"VUT";"VU";"548";"Vanuatu";"";""
"234";"VEN";"VE";"862";"Venezuela";"";""
"235";"VNM";"VN";"704";"Vietnam";"";""
"236";"VGB";"VG";"092";"Virgin Islands, British";"";""
"237";"VIR";"VI";"850";"Virgin Islands, U.S.";"";""
"238";"WLF";"WF";"876";"Wallis and Futuna";"";""
"239";"ESH";"EH";"732";"Western Sahara";"";""
"240";"YEM";"YE";"887";"Yémen";"";""
"241";"ZMB";"ZM";"894";"Zambie";"";""
"242";"ZWE";"ZW";"716";"Zimbabwe";"";""
"243";"ALA";"AX";"248";"Åland Islands";"";""
"244";"EGY";"EG";"818";"Égypte";"";""
"245";"ARE";"AE";"784";"Émirats arabes unis";"";""
"246";"ECU";"EC";"218";"Équateur";"";""
"247";"ERI";"ER";"232";"Érythrée";"";""
"248";"USA";"US";"840";"États-Unis";"";""
"249";"ETH";"ET";"231";"Éthiopie";"";""
